PartipantID,TrialIndex,ChartName,TruePercentage,ReportedPercentage,Error
p1,0,Pie,0.9705716,0.04,0.07802438
p1,1,Bar,0.752048,0.04,-0.25661775
p1,2,Bar,0.3924242,0.05,-1.0971957
p1,3,Bar,0.8107211,0.06,-0.19145663
p1,4,Pie,0.37902418,0.06,-1.1712899
p1,5,Bar,0.64801276,0.06,-0.4880002
p1,6,Bar,0.8164245,0.06,-0.18209112
p1,7,Bar,0.7881671,0.06,-0.22909972
p1,8,Pie,0.31100538,0.06,-1.4111748
p1,9,Pie,0.39200372,0.06,-1.1297222
