PartipantID,TrialIndex,ChartName,TruePercentage,ReportedPercentage,Error
p1,0,Radar,0.4568454,0.04,-0.88404673
p1,1,Radar,0.5164796,0.04,-0.7334122
p1,2,Bar,0.3394344,0.04,-1.2363865
p1,3,Radar,0.32511595,0.04,-1.2858962
p1,4,Alluvial,0.37529364,0.04,-1.1193736
p1,5,Bar,0.7312611,0.04,-0.2928975
p1,6,Alluvial,0.2206751,0.04,-1.7099291
p1,7,Radar,0.49365497,0.04,-0.7892246
p1,8,Radar,0.5368456,0.04,-0.6853717
p1,9,Bar,0.49499443,0.04,-0.78588897
